Timestamp,Name,Age Group,Gender,Occupation,Education Level,Location,Heard About Ragging,Knows What Is Ragging,Knows It Is Prohibited,Knows Reporting Method,Knows Helpline,Witnessed/Experienced,Seriousness Rating,Awareness Programs Helpful,Information Useful,Awareness Increased,Will Share Information,Feedback
20-09-2026 09:00:00,Aditya Patil,19-21,Male,Student,Secondary School,"Andheri, Mumbai",Yes,Yes,Yes,No,No,Yes,3,Yes,5,5,Yes,Very informative session.
20-09-2026 09:37:00,Aarav Shinde,19-21,Male,Student,Secondary School,"Andheri, Mumbai",Yes,Yes,Yes,Yes,Yes,Yes,5,Yes,5,5,Yes,Helpful and easy to understand.
20-09-2026 10:14:00,Omkar Jadhav,13-15,Male,Student,Secondary School,"Andheri, Mumbai",Yes,Yes,Yes,Yes,Yes,No,3,Maybe,5,5,Yes,Helpful and easy to understand.
20-09-2026 10:51:00,Siddhant Pawar,19-21,Male,Student,Secondary School,"Andheri, Mumbai",Yes,Yes,Yes,Yes,Yes,No,3,Yes,4,5,Yes,Good initiative for students.
20-09-2026 11:28:00,Rohan More,19-21,Male,Student,Higher Secondary,"Andheri, Mumbai",Yes,Yes,Yes,No,No,No,4,Yes,3,4,Yes,Helpful and easy to understand.
20-09-2026 12:05:00,Akash Deshmukh,13-15,Male,Student,Secondary School,"Andheri, Mumbai",Yes,No,Yes,Yes,No,No,5,Yes,4,3,Yes,The awareness information was useful.
20-09-2026 12:42:00,Prathamesh Sawant,16-18,Male,Student,Secondary School,"Andheri, Mumbai",Yes,Yes,Yes,No,No,No,4,No,4,5,Yes,Learned about reporting ragging.
20-09-2026 13:19:00,Atharva Kulkarni,13-15,Male,Student,Undergraduate,"Andheri, Mumbai",Yes,Yes,Yes,Yes,No,No,4,Yes,3,4,Yes,Good awareness activity.
20-09-2026 13:56:00,Yash Chavan,16-18,Male,Student,Undergraduate,"Andheri, Mumbai",Yes,Yes,Yes,Yes,No,No,2,Yes,4,5,Yes,Good awareness activity.
20-09-2026 14:33:00,Soham Bhosale,19-21,Male,Student,Secondary School,"Andheri, Mumbai",Yes,Yes,Yes,No,No,No,4,Yes,3,3,Maybe,Now I know that ragging is prohibited.
20-09-2026 15:10:00,Vedant Gaikwad,13-15,Male,Student,Secondary School,"Andheri, Mumbai",Yes,Yes,Yes,No,No,Prefer not to say,4,Yes,4,3,Yes,Good awareness activity.
20-09-2026 15:47:00,Harsh Vaidya,19-21,Male,Student,Higher Secondary,"Andheri, Mumbai",No,No,Yes,No,No,No,5,Yes,3,4,Yes,Learned about reporting ragging.
20-09-2026 16:24:00,Tanmay Kadam,16-18,Male,Student,Secondary School,"Andheri, Mumbai",Yes,Yes,Yes,Yes,No,No,5,Maybe,5,5,Yes,Good initiative for students.
20-09-2026 17:01:00,Kunal Salunkhe,19-21,Male,Student,Secondary School,"Andheri, Mumbai",Yes,No,Yes,Yes,No,No,3,Yes,5,4,Maybe,Very informative session.
20-09-2026 17:38:00,Abhishek Mane,19-21,Male,Student,Undergraduate,"Andheri, Mumbai",No,Yes,Yes,Yes,No,No,4,Yes,5,5,Yes,Learned about reporting ragging.
20-09-2026 18:15:00,Shreyas Joshi,16-18,Male,Student,Undergraduate,"Andheri, Mumbai",Yes,Yes,Yes,Yes,Yes,No,4,Yes,4,3,Maybe,The awareness information was useful.
20-09-2026 18:52:00,Nikhil Patil,16-18,Male,Student,Secondary School,"Andheri, Mumbai",No,Yes,Yes,Yes,Yes,Prefer not to say,2,Yes,4,5,Yes,Very informative session.
20-09-2026 19:29:00,Tejas Shinde,19-21,Male,Student,Undergraduate,"Andheri, Mumbai",Yes,Yes,Yes,No,No,Yes,4,Maybe,5,5,Yes,Good initiative for students.
20-09-2026 20:06:00,Ruturaj Jadhav,16-18,Male,Student,Secondary School,"Andheri, Mumbai",No,Yes,Yes,Yes,Yes,No,5,Yes,5,4,Yes,Now I know that ragging is prohibited.
20-09-2026 20:43:00,Swaraj Pawar,16-18,Male,Student,Secondary School,"Andheri, Mumbai",Yes,Yes,Yes,No,Yes,No,2,No,5,5,Yes,Helpful and easy to understand.
20-09-2026 21:20:00,Aniket More,13-15,Male,Student,Secondary School,"Andheri, Mumbai",Yes,Yes,No,No,No,Prefer not to say,5,Yes,4,5,Yes,The awareness information was useful.
20-09-2026 21:57:00,Saurabh Deshmukh,16-18,Male,Student,Secondary School,"Andheri, Mumbai",No,Yes,Yes,Yes,Yes,No,5,Maybe,4,5,Maybe,Very informative session.
20-09-2026 22:34:00,Mandar Sawant,13-15,Male,Student,Undergraduate,"Andheri, Mumbai",Yes,Yes,Yes,No,No,No,5,Yes,5,5,Yes,The awareness information was useful.
20-09-2026 23:11:00,Vivek Kulkarni,19-21,Male,Student,Secondary School,"Andheri, Mumbai",Yes,Yes,Yes,Yes,Yes,Yes,5,Maybe,3,5,Yes,Learned about reporting ragging.
20-09-2026 23:48:00,Mihir Chavan,16-18,Male,Student,Undergraduate,"Andheri, Mumbai",No,Yes,Yes,Yes,No,Yes,2,Maybe,3,5,Yes,Helpful and easy to understand.
21-09-2026 00:25:00,Neel Bhosale,16-18,Male,Student,Undergraduate,"Andheri, Mumbai",No,No,Yes,No,Yes,Yes,5,Yes,4,4,Yes,Good initiative for students.
21-09-2026 01:02:00,Parth Gaikwad,13-15,Male,Student,Secondary School,"Andheri, Mumbai",Yes,Yes,Yes,Yes,No,No,4,Yes,4,5,Yes,Now I know that ragging is prohibited.
21-09-2026 01:39:00,Rishabh Vaidya,13-15,Male,Student,Undergraduate,"Andheri, Mumbai",No,Yes,Yes,Yes,No,No,5,Yes,5,4,Yes,The session increased my awareness.
21-09-2026 02:16:00,Amit Kadam,13-15,Male,Student,Undergraduate,"Andheri, Mumbai",No,Yes,Yes,No,No,No,3,Yes,5,5,Maybe,Now I know that ragging is prohibited.
21-09-2026 02:53:00,Raj Salunkhe,19-21,Male,Student,Higher Secondary,"Andheri, Mumbai",Yes,Yes,Yes,No,Yes,No,4,Yes,5,4,Yes,Very informative session.
21-09-2026 03:30:00,Vaibhav Mane,16-18,Male,Student,Higher Secondary,"Andheri, Mumbai",Yes,No,Yes,Yes,Yes,No,4,Yes,3,4,Yes,Now I know that ragging is prohibited.
21-09-2026 04:07:00,Pranav Joshi,19-21,Male,Student,Undergraduate,"Andheri, Mumbai",Yes,Yes,Yes,No,No,No,4,Yes,5,4,Maybe,Learned about reporting ragging.
21-09-2026 04:44:00,Chaitanya Patil,16-18,Male,Student,Higher Secondary,"Andheri, Mumbai",No,Yes,Yes,Yes,Yes,No,5,Maybe,3,3,Yes,Good initiative for students.
21-09-2026 05:21:00,Ritesh Shinde,13-15,Male,Student,Undergraduate,"Andheri, Mumbai",Yes,Yes,Yes,No,No,No,5,No,4,2,Maybe,I would share this information with friends.
21-09-2026 05:58:00,Akshay Jadhav,19-21,Male,Student,Undergraduate,"Andheri, Mumbai",Yes,No,Yes,Yes,No,No,5,Maybe,5,4,Yes,Good initiative for students.
21-09-2026 06:35:00,Yashwant Pawar,16-18,Male,Student,Higher Secondary,"Andheri, Mumbai",Yes,Yes,Yes,Yes,No,No,4,Yes,4,5,Yes,Good awareness activity.
21-09-2026 07:12:00,Abhay More,16-18,Male,Student,Higher Secondary,"Andheri, Mumbai",Yes,No,Yes,No,No,No,5,Yes,4,3,Yes,The session increased my awareness.
21-09-2026 07:49:00,Rohit Deshmukh,16-18,Male,Student,Undergraduate,"Andheri, Mumbai",Yes,Yes,Yes,Yes,Yes,No,3,Yes,4,4,Yes,Useful information for students.
21-09-2026 08:26:00,Sanket Sawant,13-15,Male,Student,Undergraduate,"Andheri, Mumbai",Yes,No,Yes,No,Yes,No,5,Yes,5,5,Yes,Helpful and easy to understand.
21-09-2026 09:03:00,Manas Kulkarni,16-18,Male,Student,Higher Secondary,"Andheri, Mumbai",Yes,No,Yes,Yes,Yes,No,2,Yes,4,4,Yes,Very informative session.
21-09-2026 09:40:00,Shivam Chavan,13-15,Male,Student,Secondary School,"Andheri, Mumbai",Yes,Yes,Yes,Yes,Yes,Yes,4,Yes,5,4,Maybe,Learned about reporting ragging.
21-09-2026 10:17:00,Suyog Bhosale,13-15,Male,Student,Higher Secondary,"Andheri, Mumbai",Yes,Yes,Yes,No,No,No,5,Yes,4,4,Yes,Now I know that ragging is prohibited.
21-09-2026 10:54:00,Tejaswini Gaikwad,19-21,Female,Student,Undergraduate,"Andheri, Mumbai",Yes,No,Yes,Yes,No,No,3,Yes,5,4,Yes,The session increased my awareness.
21-09-2026 11:31:00,Isha Vaidya,16-18,Female,Student,Undergraduate,"Andheri, Mumbai",No,Yes,Yes,Yes,No,No,5,Maybe,4,4,Maybe,I would share this information with friends.
21-09-2026 12:08:00,Snehal Kadam,16-18,Female,Student,Higher Secondary,"Andheri, Mumbai",No,No,Yes,No,Yes,No,5,Yes,5,3,Yes,Good initiative for students.
21-09-2026 12:45:00,Riya Salunkhe,16-18,Female,Student,Higher Secondary,"Andheri, Mumbai",Yes,No,Yes,Yes,Yes,Yes,3,Yes,4,4,Yes,Useful information for students.
21-09-2026 13:22:00,Mrunal Mane,16-18,Female,Student,Secondary School,"Andheri, Mumbai",Yes,Yes,Yes,Yes,No,No,4,Yes,4,5,Yes,Now I know that ragging is prohibited.
21-09-2026 13:59:00,Pooja Joshi,16-18,Female,Student,Higher Secondary,"Andheri, Mumbai",Yes,Yes,Yes,No,No,No,4,Yes,5,4,Yes,I would share this information with friends.
21-09-2026 14:36:00,Sakshi Patil,16-18,Female,Student,Secondary School,"Andheri, Mumbai",Yes,Yes,Yes,Yes,No,No,3,Yes,5,3,Yes,Useful information for students.
21-09-2026 15:13:00,Anjali Shinde,13-15,Female,Student,Secondary School,"Andheri, Mumbai",Yes,Yes,Yes,Yes,Yes,Yes,4,Maybe,5,5,Yes,Very informative session.
21-09-2026 15:50:00,Neha Jadhav,19-21,Female,Self-employed,Undergraduate,"Andheri, Mumbai",No,Yes,Yes,No,Yes,No,5,Yes,5,3,Yes,I would share this information with friends.
21-09-2026 16:27:00,Prachi Pawar,31-40,Female,Self-employed,Graduate,"Andheri, Mumbai",Yes,Yes,Yes,No,Yes,No,5,Yes,5,5,Yes,Useful information for students.
21-09-2026 17:04:00,Shruti More,41-50,Female,Teacher,Postgraduate,"Andheri, Mumbai",Yes,Yes,Yes,No,Yes,No,4,Yes,4,4,Yes,Learned about reporting ragging.
21-09-2026 17:41:00,Kavya Deshmukh,41-50,Female,Working Professional,Undergraduate,"Andheri, Mumbai",No,No,Yes,Yes,Yes,No,5,Yes,5,4,Yes,Now I know that ragging is prohibited.
21-09-2026 18:18:00,Aditi Sawant,41-50,Female,Parent,Postgraduate,"Andheri, Mumbai",Yes,Yes,Yes,Yes,Yes,No,2,Maybe,4,2,No,Now I know that ragging is prohibited.
21-09-2026 18:55:00,Sayali Kulkarni,41-50,Female,Working Professional,Higher Secondary,"Andheri, Mumbai",Yes,Yes,No,Yes,No,No,4,Yes,5,5,Yes,The awareness information was useful.
21-09-2026 19:32:00,Mansi Chavan,22-30,Female,Parent,Postgraduate,"Andheri, Mumbai",Yes,No,Yes,No,No,No,4,No,5,4,No,Good awareness activity.
21-09-2026 20:09:00,Gauri Bhosale,31-40,Female,Student,Postgraduate,"Andheri, Mumbai",Yes,Yes,Yes,No,No,No,4,Maybe,5,4,Yes,I would share this information with friends.
21-09-2026 20:46:00,Tanvi Gaikwad,19-21,Female,Teacher,Undergraduate,"Andheri, Mumbai",Yes,Yes,Yes,No,No,No,3,Maybe,4,4,Yes,Now I know that ragging is prohibited.
21-09-2026 21:23:00,Rutuja Vaidya,31-40,Female,Parent,Postgraduate,"Andheri, Mumbai",Yes,Yes,Yes,No,No,Yes,5,Yes,4,4,Maybe,Good awareness activity.
21-09-2026 22:00:00,Vaishnavi Kadam,22-30,Female,Teacher,Higher Secondary,"Andheri, Mumbai",Yes,No,Yes,No,No,No,4,Yes,4,5,Maybe,Good initiative for students.
21-09-2026 22:37:00,Saniya Salunkhe,19-21,Female,Working Professional,Postgraduate,"Andheri, Mumbai",No,Yes,Yes,Yes,No,No,2,Yes,4,5,Maybe,The awareness information was useful.
21-09-2026 23:14:00,Sonal Mane,41-50,Female,Student,Graduate,"Andheri, Mumbai",No,Yes,Yes,Yes,No,No,5,Yes,4,2,Yes,The session increased my awareness.
21-09-2026 23:51:00,Pallavi Joshi,16-18,Female,Self-employed,Graduate,"Andheri, Mumbai",Yes,Yes,Yes,No,No,No,3,Yes,3,1,Yes,The session increased my awareness.
22-09-2026 00:28:00,Manali Patil,16-18,Female,Parent,Higher Secondary,"Andheri, Mumbai",Yes,Yes,Yes,Yes,Yes,No,4,Yes,5,4,Yes,The awareness information was useful.
22-09-2026 01:05:00,Komal Shinde,16-18,Female,Self-employed,Postgraduate,"Andheri, Mumbai",Yes,Yes,Yes,Yes,No,No,5,Maybe,4,5,Yes,Learned about reporting ragging.
22-09-2026 01:42:00,Amruta Jadhav,31-40,Female,Self-employed,Graduate,"Andheri, Mumbai",Yes,No,Yes,Yes,Yes,Prefer not to say,5,Yes,5,5,Yes,Now I know that ragging is prohibited.
22-09-2026 02:19:00,Rupali Pawar,16-18,Female,Teacher,Postgraduate,"Andheri, Mumbai",Yes,No,Yes,No,No,No,5,Maybe,4,5,Yes,Good initiative for students.
22-09-2026 02:56:00,Madhura More,19-21,Female,Working Professional,Graduate,"Andheri, Mumbai",Yes,No,Yes,Yes,Yes,No,5,Yes,5,4,Yes,The awareness information was useful.
22-09-2026 03:33:00,Priyanka Deshmukh,41-50,Female,Self-employed,Graduate,"Andheri, Mumbai",Yes,Yes,Yes,No,No,Prefer not to say,4,Maybe,4,4,Yes,Good initiative for students.
22-09-2026 04:10:00,Vishal Sawant,31-40,Male,Student,Graduate,"Andheri, Mumbai",Yes,Yes,Yes,Yes,No,No,5,Maybe,3,5,Yes,Very informative session.
22-09-2026 04:47:00,Dinesh Kulkarni,41-50,Male,Self-employed,Graduate,"Andheri, Mumbai",Yes,Yes,No,No,Yes,No,3,Maybe,5,4,Yes,Good awareness activity.
22-09-2026 05:24:00,Nitin Chavan,19-21,Male,Parent,Postgraduate,"Andheri, Mumbai",Yes,No,Yes,Yes,No,No,5,Yes,4,4,Maybe,Now I know that ragging is prohibited.
22-09-2026 06:01:00,Sachin Bhosale,16-18,Male,Working Professional,Graduate,"Andheri, Mumbai",Yes,No,No,Yes,No,No,2,Yes,5,5,Yes,Useful information for students.
22-09-2026 06:38:00,Mahesh Gaikwad,16-18,Male,Self-employed,Undergraduate,"Andheri, Mumbai",No,Yes,Yes,No,No,No,5,Yes,4,4,Yes,The awareness information was useful.